{
    "cfg_scale": {
        "mean": 14.73278399946923,
        "std": 8.730666600231928,
        "min": 0.005690432098979237,
        "max": 29.99657816904953
    },
    "ddim_steps": {
        "mean": 250.8520886615516,
        "std": 202.15201086432458,
        "min": 2.0,
        "max": 654.0
    },
    "denoising_strength": {
        "mean": 0.609311743948624,
        "std": 0.24496445816798798,
        "min": 0.12231338303211947,
        "max": 0.999818249521494
    },
    "mod_similarity": {
        "mean": 22.919929122092924,
        "std": 4.695074342101293,
        "min": 13.570278,
        "max": 32.23344
    },
    "dst_similarity": {
        "mean": 9.338433821014492,
        "std": 1.221407726584728,
        "min": 6.8937073,
        "max": 11.772611
    },
    "diff_similarity": {
        "mean": 4.13185071114237,
        "std": 1.2943138639784675,
        "min": 1.5825944,
        "max": 6.689493
    },
    "dst_aesthetic_score": {
        "mean": 5.545480725191816,
        "std": 0.3376880376524534,
        "min": 5.000118,
        "max": 6.217549
    },
    "src_similarity": {
        "mean": 5.206583099616369,
        "std": 0.9644780251127796,
        "min": 3.2885394,
        "max": 7.213068
    },
    "src_aesthetic_score": {
        "mean": 5.089396743052004,
        "std": 0.5146985345367584,
        "min": 4.047547,
        "max": 6.1025352
    },
    "diff_aesthetic_score": {
        "mean": 0.4560839772364748,
        "std": 0.501588081364394,
        "min": -0.5273905,
        "max": 1.4483557
    },
    "regressions": {
        "cfg_scale": "[-0.13776117  0.33095803 -0.09931818]",
        "ddim_steps": "[-36.583968     5.38234988   9.89360206]",
        "denoising_strength": "[ 0.08381777  0.0182406  -0.03550973]",
        "aesthetic_score": "[-0.00960492  0.01354774]"
    },
    "intercepts": {
        "cfg_scale": "14.516297168043545",
        "ddim_steps": "143.49402708858614",
        "denoising_strength": "0.8106024824918593",
        "aesthetic_score": "5.616756796623963"
    }
}